"Fecha","Cierre","Apertura","Máximo","Mínimo","Vol.","% var."
"26.06.2020","20.340","20.350","20.530","19.670","1.67M","-0.54%"
"25.06.2020","20.450","20.550","20.600","20.270","1.90M","-0.58%"
"24.06.2020","20.570","21.390","21.390","20.250","2.77M","-4.77%"
"23.06.2020","21.600","21.590","21.890","21.090","2.42M","0.70%"
"22.06.2020","21.450","21.790","21.820","21.040","966.45K","-1.52%"
"19.06.2020","21.780","21.710","22.230","20.840","4.81M","1.02%"
"18.06.2020","21.560","21.900","22.090","21.000","1.23M","-2.62%"
"17.06.2020","22.140","21.670","22.350","21.520","1.48M","3.12%"
"16.06.2020","21.470","22.500","22.530","21.310","786.45K","-2.36%"
"15.06.2020","21.990","21.500","22.500","20.510","2.20M","1.29%"
"12.06.2020","21.710","21.290","21.940","20.770","1.66M","3.68%"
"11.06.2020","20.940","21.460","21.630","19.540","1.75M","-4.69%"
"10.06.2020","21.970","23.660","23.690","21.830","1.14M","-6.91%"
"09.06.2020","23.600","23.430","24.370","22.000","1.53M","-0.63%"
"08.06.2020","23.750","22.910","24.170","22.870","2.27M","5.09%"
"05.06.2020","22.600","21.500","22.850","21.400","2.08M","7.26%"
"04.06.2020","21.070","20.970","21.500","20.360","1.77M","0.62%"
"03.06.2020","20.940","20.690","21.080","20.310","5.13M","2.85%"
"02.06.2020","20.360","20.160","20.800","20.010","1.24M","1.50%"
"01.06.2020","20.060","20.270","20.600","19.310","1.47M","-0.79%"
"29.05.2020","20.220","19.810","22.650","18.820","957.33K","1.56%"
"28.05.2020","19.910","20.400","20.400","19.750","793.06K","-1.92%"
"27.05.2020","20.300","20.890","21.100","20.120","716.98K","-1.65%"
"26.05.2020","20.640","21.400","22.300","19.710","2.28M","-1.10%"
"25.05.2020","20.870","20.850","21.400","20.700","121.56K","1.80%"
"22.05.2020","20.500","20.060","21.110","18.000","970.15K","2.65%"
"21.05.2020","19.970","20.190","20.370","19.510","701.82K","-0.94%"
"20.05.2020","20.160","19.920","20.440","19.500","639.77K","1.56%"
"19.05.2020","19.850","20.900","20.900","19.200","1.24M","-5.61%"
"18.05.2020","21.030","20.490","21.500","20.000","896.54K","6.00%"
"15.05.2020","19.840","20.200","20.300","19.610","354.71K","-1.73%"
"14.05.2020","20.190","19.870","20.480","18.920","1.25M","1.20%"
"13.05.2020","19.950","20.510","20.550","19.500","1.78M","-2.92%"
"12.05.2020","20.550","20.440","20.850","19.960","1.03M","0.98%"
"11.05.2020","20.350","19.990","21.230","19.980","1.04M","1.85%"
"08.05.2020","19.980","19.070","20.000","19.050","1.06M","4.66%"
"07.05.2020","19.090","19.160","19.350","18.550","769.66K","0.10%"
"06.05.2020","19.070","19.100","19.450","18.190","867.92K","0.32%"
"05.05.2020","19.010","18.900","19.100","18.840","1.04M","1.12%"
"04.05.2020","18.800","18.900","19.010","17.390","1.33M","-1.05%"
"30.04.2020","19.000","19.370","19.370","18.550","752.71K","-2.81%"
"29.04.2020","19.550","19.000","19.690","18.500","1.47M","3.11%"
"28.04.2020","18.960","18.740","19.000","18.710","1.04M","2.76%"
"27.04.2020","18.450","17.600","18.740","17.580","1.03M","4.95%"
"24.04.2020","17.580","17.800","17.970","17.190","1.12M","-1.40%"
"23.04.2020","17.830","17.590","17.960","17.220","716.59K","1.89%"
"22.04.2020","17.500","17.770","17.770","17.020","787.08K","0.00%"
"21.04.2020","17.500","17.740","17.960","16.800","1.08M","-2.29%"
"20.04.2020","17.910","17.440","18.000","16.760","1.08M","1.70%"
"17.04.2020","17.610","17.000","17.750","16.900","1.53M","4.20%"
"16.04.2020","16.900","16.990","16.990","16.000","1.55M","-0.35%"
"15.04.2020","16.960","17.230","17.290","16.770","1.21M","-2.64%"
"14.04.2020","17.420","17.990","18.290","17.250","924.54K","-1.58%"
"13.04.2020","17.700","18.420","18.530","17.510","488.47K","-3.38%"
"08.04.2020","18.320","18.000","18.570","17.150","599.26K","1.61%"
"07.04.2020","18.030","18.080","18.840","17.580","2.74M","3.21%"
"06.04.2020","17.470","18.010","18.750","17.110","5.60M","-0.29%"
"03.04.2020","17.520","19.030","19.040","17.280","2.88M","-7.93%"
"02.04.2020","19.030","19.410","19.430","18.520","1.97M","-1.30%"
"01.04.2020","19.280","20.110","20.110","19.010","2.13M","-5.86%"
"31.03.2020","20.480","19.990","20.940","18.980","3.19M","2.86%"
"30.03.2020","19.910","19.640","20.200","19.010","2.33M","1.48%"
"27.03.2020","19.620","19.510","20.500","18.520","2.39M","-1.65%"
"26.03.2020","19.950","19.220","20.310","19.170","1.26M","4.50%"
"25.03.2020","19.090","19.900","19.900","18.030","2.70M","-3.59%"
"24.03.2020","19.800","18.190","19.850","18.000","2.30M","10.31%"
"23.03.2020","17.950","20.210","20.210","17.280","1.42M","-10.38%"
"20.03.2020","20.030","21.850","22.140","19.500","6.34M","-7.91%"
"19.03.2020","21.750","23.070","24.000","21.080","4.04M","-7.09%"
"18.03.2020","23.410","24.180","25.110","21.980","2.54M","-4.57%"
"17.03.2020","24.530","26.500","26.500","24.000","3.06M","-10.34%"
"13.03.2020","27.360","27.500","27.560","26.020","1.37M","4.31%"
"12.03.2020","26.230","26.800","27.210","24.200","2.37M","-2.64%"
"11.03.2020","26.940","28.350","28.350","26.400","1.80M","-5.71%"
"10.03.2020","28.570","28.030","28.800","27.530","2.04M","2.00%"
"09.03.2020","28.010","28.130","28.700","27.400","2.33M","-4.89%"
"06.03.2020","29.450","30.320","30.320","28.490","4.37M","-3.09%"
"05.03.2020","30.390","30.990","31.200","29.910","1.96M","-2.81%"
"04.03.2020","31.270","30.240","31.400","30.240","1.55M","3.82%"
"03.03.2020","30.120","29.980","31.380","29.940","2.28M","-0.33%"
"02.03.2020","30.220","30.480","30.510","29.760","2.46M","-1.56%"
"28.02.2020","30.700","29.480","30.970","27.870","2.10M","3.37%"
"27.02.2020","29.700","30.540","30.540","28.800","2.27M","-2.88%"
"26.02.2020","30.580","30.410","31.030","29.830","807.49K","1.22%"
"25.02.2020","30.210","30.210","30.330","29.400","607.73K","0.70%"
"24.02.2020","30.000","30.410","30.410","28.710","2.94M","-2.09%"
"21.02.2020","30.640","30.780","30.840","30.430","686.15K","-0.23%"
"20.02.2020","30.710","31.120","31.120","30.530","613.54K","-1.29%"
"19.02.2020","31.110","31.370","31.530","30.780","1.02M","-0.51%"
"18.02.2020","31.270","30.460","31.550","30.420","2.63M","2.83%"
"17.02.2020","30.410","30.500","30.500","30.150","278.08K","0.03%"
"14.02.2020","30.400","30.840","30.880","30.350","1.94M","-0.94%"
"13.02.2020","30.690","31.100","31.170","30.610","705.92K","-1.60%"
"12.02.2020","31.190","30.960","31.400","30.960","7.53M","1.04%"
"11.02.2020","30.870","30.690","31.230","30.690","728.97K","0.92%"
"10.02.2020","30.590","30.980","30.980","30.400","1.45M","-0.97%"
"07.02.2020","30.890","31.060","31.060","30.670","2.35M","-0.83%"
"06.02.2020","31.150","31.310","31.370","31.110","3.24M","-0.16%"
"05.02.2020","31.200","31.410","31.750","30.860","2.20M","-0.35%"
"04.02.2020","31.310","30.910","31.530","30.910","3.00M","0.48%"
"31.01.2020","31.160","31.050","31.390","30.900","2.18M","0.03%"
"30.01.2020","31.150","31.700","31.700","30.750","3.85M","-2.44%"
"29.01.2020","31.930","31.850","32.140","31.800","1.24M","0.44%"
"28.01.2020","31.790","31.130","31.990","31.130","348.76K","1.83%"
"27.01.2020","31.220","31.510","31.510","30.800","5.16M","-1.51%"
"24.01.2020","31.700","32.400","32.500","31.430","612.14K","-2.22%"
"23.01.2020","32.420","32.500","32.550","32.330","4.33M","-0.12%"
"22.01.2020","32.460","32.340","32.550","32.220","9.43M","0.65%"
"21.01.2020","32.250","31.920","32.400","31.900","3.30M","0.78%"
"20.01.2020","32.000","32.120","32.170","31.910","440.59K","-0.16%"
"17.01.2020","32.050","31.540","32.140","31.170","2.49M","1.71%"
"16.01.2020","31.510","31.370","31.800","31.230","1.57M","0.64%"
"15.01.2020","31.310","30.550","31.500","30.550","2.27M","2.32%"
"14.01.2020","30.600","30.180","31.120","30.010","1.79M","1.49%"
"13.01.2020","30.150","30.880","30.960","29.990","2.81M","-1.66%"
"10.01.2020","30.660","31.690","31.710","30.460","2.44M","-2.88%"
"09.01.2020","31.570","31.990","31.990","31.080","2.10M","-1.16%"
"08.01.2020","31.940","32.370","32.410","31.600","1.89M","-0.90%"
"07.01.2020","32.230","32.500","32.590","31.760","1.33M","-0.40%"
"06.01.2020","32.360","32.310","32.740","32.160","771.61K","-0.37%"
"03.01.2020","32.480","32.200","32.690","31.990","898.95K","0.87%"
"02.01.2020","32.200","31.790","32.630","31.680","683.48K","1.67%"
"31.12.2019","31.670","31.220","31.840","30.910","473.96K","0.92%"
"30.12.2019","31.380","31.970","32.000","31.190","419.01K","-1.35%"
"27.12.2019","31.810","32.140","32.160","31.340","914.58K","-0.78%"
"26.12.2019","32.060","32.030","32.490","31.660","636.29K","0.28%"
"24.12.2019","31.970","32.100","32.100","31.650","105.24K","-0.16%"
"23.12.2019","32.020","32.640","32.640","31.610","688.27K","-1.42%"
"20.12.2019","32.480","32.410","32.580","32.100","2.26M","-0.09%"
"19.12.2019","32.510","32.220","32.580","32.100","1.07M","1.15%"
"18.12.2019","32.140","32.050","32.200","31.400","2.82M","0.50%"
"17.12.2019","31.980","32.000","32.010","31.610","1.06M","-0.06%"
"16.12.2019","32.000","31.780","32.190","31.500","1.39M","1.33%"
"13.12.2019","31.580","31.530","31.990","31.150","1.76M","0.64%"
"11.12.2019","31.380","30.820","31.560","30.690","647.53K","1.92%"
"10.12.2019","30.790","30.260","31.430","30.250","545.37K","1.62%"
"09.12.2019","30.300","29.770","30.500","29.730","747.52K","1.92%"
"06.12.2019","29.730","30.360","30.360","29.650","773.25K","-1.75%"
"05.12.2019","30.260","30.330","31.020","29.510","888.95K","0.33%"
"04.12.2019","30.160","30.710","30.840","30.010","515.10K","-1.24%"
"03.12.2019","30.540","30.780","30.990","30.480","323.85K","0.36%"
"02.12.2019","30.430","30.350","30.560","30.100","784.17K","0.40%"
"29.11.2019","30.310","31.000","31.000","30.000","598.18K","-2.23%"
"28.11.2019","31.000","31.540","31.540","30.700","443.51K","-1.24%"
"27.11.2019","31.390","31.470","31.700","31.100","925.75K","-0.48%"
"26.11.2019","31.540","31.250","31.700","31.250","973.38K","0.83%"
"25.11.2019","31.280","31.600","31.770","31.260","857.58K","-0.92%"
"22.11.2019","31.570","31.580","31.750","31.410","931.34K","-0.28%"
"21.11.2019","31.660","31.110","31.800","30.830","1.33M","1.77%"
"20.11.2019","31.110","30.600","31.240","30.390","3.45M","1.90%"
"19.11.2019","30.530","30.530","30.600","30.300","1.02M","-0.23%"
"15.11.2019","30.600","30.470","30.870","30.350","2.51M","0.26%"
"14.11.2019","30.520","30.480","30.970","30.410","695.47K","-0.20%"
"13.11.2019","30.580","29.790","31.000","29.350","3.30M","2.65%"
"12.11.2019","29.790","30.740","30.900","29.710","1.64M","-3.28%"
"11.11.2019","30.800","30.880","30.910","30.690","448.91K","-0.61%"
"08.11.2019","30.990","30.990","31.170","30.920","1.19M","-0.23%"
"07.11.2019","31.060","31.000","31.200","30.850","1.88M","0.26%"
"06.11.2019","30.980","30.690","31.000","30.620","852.92K","0.65%"
"05.11.2019","30.780","30.850","30.880","30.690","5.77M","0.03%"
"04.11.2019","30.770","31.300","31.300","30.600","2.73M","-1.82%"
"01.11.2019","31.340","31.010","31.550","31.010","1.99M","1.13%"
"31.10.2019","30.990","31.260","31.300","30.610","1.40M","-1.27%"
"30.10.2019","31.390","30.800","31.710","30.580","2.82M","1.72%"
"29.10.2019","30.860","30.920","30.930","30.510","2.01M","-0.26%"
"28.10.2019","30.940","30.890","31.030","30.810","1.20M","0.39%"
"25.10.2019","30.820","31.870","31.880","30.700","1.35M","-3.32%"
"24.10.2019","31.880","32.000","32.040","31.250","2.39M","-0.38%"
"23.10.2019","32.000","32.090","32.140","31.700","2.11M","-0.03%"
"22.10.2019","32.010","31.900","32.610","31.860","907.40K","0.19%"
"21.10.2019","31.950","30.630","32.280","30.630","2.04M","4.86%"
"18.10.2019","30.470","30.350","31.080","30.260","13.01M","-0.68%"
"17.10.2019","30.680","31.500","31.830","30.580","1.72M","-2.51%"
"16.10.2019","31.470","32.090","32.090","31.310","2.78M","-1.78%"
"15.10.2019","32.040","32.130","32.410","31.910","1.62M","-0.28%"
"14.10.2019","32.130","31.980","32.370","31.910","1.73M","0.06%"
"11.10.2019","32.110","32.470","32.880","32.000","1.57M","-0.16%"
"10.10.2019","32.160","32.980","33.000","31.910","3.65M","-2.46%"
"09.10.2019","32.970","32.800","33.250","32.720","3.76M","0.95%"
"08.10.2019","32.660","32.020","32.760","32.020","2.56M","1.30%"
"07.10.2019","32.240","32.240","32.460","32.000","3.94M","0.00%"
"04.10.2019","32.240","32.040","33.010","30.840","2.70M","0.40%"
"03.10.2019","32.110","32.310","32.700","32.020","2.56M","-1.65%"
"02.10.2019","32.650","32.880","32.990","32.240","1.31M","-0.76%"
"01.10.2019","32.900","32.550","32.920","32.540","1.18M","0.83%"
"30.09.2019","32.630","32.730","33.460","32.500","1.49M","-0.61%"
"27.09.2019","32.830","32.800","32.980","32.600","1.08M","0.64%"
"26.09.2019","32.620","32.830","32.830","32.250","1.39M","-0.34%"
"25.09.2019","32.730","33.120","33.120","32.120","1.51M","-1.36%"
"24.09.2019","33.180","33.550","33.550","33.010","997.43K","-1.04%"
"23.09.2019","33.530","33.910","34.400","33.000","750.74K","-0.89%"
"20.09.2019","33.830","34.240","34.500","33.520","3.69M","-0.24%"
"19.09.2019","33.910","34.490","34.490","33.880","385.41K","-1.19%"
"18.09.2019","34.320","34.730","34.730","34.060","650.50K","-1.18%"
"17.09.2019","34.730","35.050","35.050","34.010","1.43M","-0.74%"
"13.09.2019","34.990","34.960","35.180","34.750","652.24K","0.57%"
"12.09.2019","34.790","34.500","34.960","34.500","590.38K","0.58%"
"11.09.2019","34.590","34.500","34.890","34.400","607.88K","0.06%"
"10.09.2019","34.570","34.900","35.250","34.200","635.17K","-0.75%"
"09.09.2019","34.830","34.700","35.180","34.190","1.23M","0.81%"
"06.09.2019","34.550","33.680","34.900","33.620","1.09M","2.86%"
"05.09.2019","33.590","33.030","34.170","32.740","1.53M","2.66%"
"04.09.2019","32.720","32.890","33.480","32.320","1.12M","-0.64%"
"03.09.2019","32.930","33.650","33.650","32.810","844.93K","-1.91%"
"02.09.2019","33.570","33.650","33.700","33.010","318.62K","0.21%"
"30.08.2019","33.500","33.680","34.200","33.150","1.50M","0.15%"
"29.08.2019","33.450","32.630","33.500","32.630","1.32M","2.83%"
"28.08.2019","32.530","32.790","33.070","32.190","651.05K","-1.03%"
"27.08.2019","32.870","32.370","33.720","32.370","1.05M","1.67%"
"26.08.2019","32.330","32.530","33.000","32.250","596.80K","-0.86%"
"23.08.2019","32.610","32.590","33.110","32.350","896.72K","-0.52%"
"22.08.2019","32.780","33.040","33.150","32.630","807.40K","-0.85%"
"21.08.2019","33.060","32.370","33.250","32.230","2.34M","2.61%"
"20.08.2019","32.220","33.360","33.410","32.110","2.86M","-3.13%"
"19.08.2019","33.260","33.880","34.450","32.890","2.99M","-1.54%"
"16.08.2019","33.780","33.020","34.000","32.720","699.13K","2.36%"
"15.08.2019","33.000","33.250","33.870","32.470","1.13M","-0.54%"
"14.08.2019","33.180","34.200","34.350","32.700","1.10M","-3.46%"
"13.08.2019","34.370","34.900","35.390","34.020","877.99K","-1.86%"
"12.08.2019","35.020","35.010","35.490","35.000","715.28K","-0.03%"
"09.08.2019","35.030","35.310","35.400","35.000","1.49M","-1.30%"
"08.08.2019","35.490","35.750","36.300","35.330","692.20K","-0.98%"
"07.08.2019","35.840","34.880","36.200","34.880","1.07M","2.37%"
"06.08.2019","35.010","35.220","35.440","35.000","1.24M","-0.51%"
"05.08.2019","35.190","35.420","35.430","34.870","1.68M","-0.93%"
"02.08.2019","35.520","35.790","35.790","34.810","2.24M","-0.28%"
"01.08.2019","35.620","36.080","36.360","34.800","1.32M","-1.19%"
"31.07.2019","36.050","36.000","36.270","35.990","1.46M","0.00%"
"30.07.2019","36.050","35.980","36.160","35.700","763.62K","-0.06%"
"29.07.2019","36.070","35.100","36.250","34.850","1.36M","2.79%"
"26.07.2019","35.090","35.210","35.500","34.710","2.40M","-0.03%"
"25.07.2019","35.100","35.530","35.530","34.920","1.76M","-1.43%"
"24.07.2019","35.610","35.710","36.260","35.010","1.15M","-0.11%"
"23.07.2019","35.650","35.420","35.890","34.170","2.04M","0.42%"
"22.07.2019","35.500","36.350","36.360","35.360","1.21M","-2.10%"
"19.07.2019","36.260","37.390","37.480","35.970","1.51M","-3.02%"
"18.07.2019","37.390","37.510","37.970","36.760","1.50M","-0.56%"
"17.07.2019","37.600","38.030","38.040","37.500","739.94K","-0.63%"
"16.07.2019","37.840","38.260","38.260","37.520","1.23M","-1.12%"
"15.07.2019","38.270","38.000","38.560","37.800","1.34M","0.95%"
"12.07.2019","37.910","37.930","38.450","37.730","3.97M","-0.32%"
"11.07.2019","38.030","37.700","38.500","37.700","1.15M","0.64%"
"10.07.2019","37.790","38.320","38.740","37.700","1.40M","-1.13%"
"09.07.2019","38.220","38.560","39.530","38.050","2.54M","-0.65%"
"08.07.2019","38.470","38.410","39.100","38.350","1.53M","-0.10%"
"05.07.2019","38.510","38.560","38.690","38.290","484.18K","0.00%"
"04.07.2019","38.510","38.850","38.850","38.450","69.63K","-0.39%"
"03.07.2019","38.660","38.590","38.970","38.580","469.49K","0.23%"
"02.07.2019","38.570","38.650","39.480","38.500","770.18K","-0.16%"
"01.07.2019","38.630","38.650","38.980","38.390","2.66M","0.63%"
"28.06.2019","38.390","38.760","38.820","38.200","1.54M","-0.52%"
"27.06.2019","38.590","38.930","38.990","38.370","489.23K","-0.28%"
"26.06.2019","38.700","38.510","38.960","37.990","2.58M","0.16%"
"25.06.2019","38.640","39.030","39.130","38.510","1.53M","-1.00%"
"24.06.2019","39.030","39.550","39.940","38.990","791.72K","-1.59%"
"21.06.2019","39.660","39.060","39.890","38.460","3.33M","1.17%"
"20.06.2019","39.200","39.100","39.800","38.430","779.82K","0.56%"
"19.06.2019","38.980","38.720","39.100","38.450","1.54M","0.91%"
"18.06.2019","38.630","38.560","38.950","38.060","634.90K","0.36%"
"17.06.2019","38.490","38.040","38.980","38.040","881.80K","1.18%"
"14.06.2019","38.040","38.280","38.500","37.800","572.83K","-0.63%"
"13.06.2019","38.280","38.520","38.520","37.600","679.45K","-0.88%"
"12.06.2019","38.620","38.600","39.000","38.470","895.51K","0.42%"
"11.06.2019","38.460","38.330","38.690","38.040","554.71K","0.73%"
"10.06.2019","38.180","38.000","38.780","37.740","1.20M","1.38%"
"07.06.2019","37.660","38.150","38.480","37.560","626.27K","-0.92%"
"06.06.2019","38.010","38.190","38.190","37.500","1.21M","-0.21%"
"05.06.2019","38.090","38.050","38.440","37.780","1.53M","0.45%"
"04.06.2019","37.920","37.250","38.030","37.230","1.21M","2.07%"
"03.06.2019","37.150","37.930","37.990","36.690","1.76M","-1.90%"
"31.05.2019","37.870","38.500","38.500","37.530","2.16M","-3.59%"
"30.05.2019","39.280","38.320","39.650","38.110","822.50K","2.51%"
"29.05.2019","38.320","38.030","38.900","37.650","736.85K","0.31%"
"28.05.2019","38.200","38.380","39.220","37.640","4.59M","-0.49%"
"27.05.2019","38.390","38.990","38.990","38.220","332.64K","-1.77%"
"24.05.2019","39.080","39.340","39.440","38.260","1.17M","-0.41%"
"23.05.2019","39.240","38.940","39.300","38.100","1.44M","0.46%"
"22.05.2019","39.060","39.350","39.350","38.500","1.03M","-0.71%"
"21.05.2019","39.340","40.030","40.030","39.040","1.82M","-1.67%"
"20.05.2019","40.010","39.970","40.050","39.900","1.65M","0.23%"
"17.05.2019","39.920","39.670","40.000","39.520","4.36M","0.18%"
"16.05.2019","39.850","39.800","40.000","39.580","3.30M","0.48%"
"15.05.2019","39.660","39.550","39.910","39.500","1.36M","-0.70%"
"14.05.2019","39.940","40.390","40.800","39.770","3.02M","-0.35%"
"13.05.2019","40.080","39.600","40.170","39.510","1.80M","0.98%"
"10.05.2019","39.690","40.000","40.490","39.510","1.45M","-0.55%"
"09.05.2019","39.910","39.440","40.420","39.350","5.13M","0.58%"
"08.05.2019","39.680","38.710","39.860","38.710","1.66M","-1.34%"
"07.05.2019","40.220","40.220","40.680","40.030","4.34M","-0.40%"
"06.05.2019","40.380","40.800","40.940","40.010","1.33M","-1.32%"
"03.05.2019","40.920","41.000","41.200","40.550","2.56M","0.17%"
"02.05.2019","40.850","40.670","41.280","40.500","2.13M","0.22%"
"30.04.2019","40.760","40.020","41.410","40.020","3.03M","1.62%"
"29.04.2019","40.110","40.050","40.300","39.500","604.54K","0.22%"
"26.04.2019","40.020","39.720","40.500","39.720","1.12M","0.53%"
"25.04.2019","39.810","39.470","40.090","38.770","852.18K","1.09%"
"24.04.2019","39.380","39.900","40.500","38.510","1.02M","-1.82%"
"23.04.2019","40.110","40.340","40.470","39.910","574.76K","-0.30%"
"22.04.2019","40.230","40.420","40.500","39.900","601.92K","-0.47%"
"17.04.2019","40.420","40.440","40.500","39.850","308.22K","0.10%"
"16.04.2019","40.380","39.740","40.490","39.540","762.84K","1.36%"
"15.04.2019","39.840","39.880","40.050","39.170","419.28K","-0.35%"
"12.04.2019","39.980","40.000","40.490","39.100","2.06M","0.63%"
"11.04.2019","39.730","39.210","39.900","38.800","823.57K","1.07%"
"10.04.2019","39.310","39.340","39.900","39.160","7.37M","-0.08%"
"09.04.2019","39.340","39.570","40.650","39.050","1.95M","-0.83%"
"08.04.2019","39.670","39.500","39.750","39.020","644.80K","0.25%"
"05.04.2019","39.570","38.410","39.720","38.350","1.82M","2.89%"
"04.04.2019","38.460","38.790","39.000","38.400","867.72K","-0.31%"
"03.04.2019","38.580","38.400","38.990","38.210","870.19K","0.73%"
"02.04.2019","38.300","38.260","38.790","38.160","406.25K","-0.23%"
"01.04.2019","38.390","38.650","39.000","38.110","749.82K","-0.44%"
"29.03.2019","38.560","38.500","38.860","38.110","756.60K","0.26%"
"28.03.2019","38.460","38.280","38.500","37.070","1.04M","1.00%"
"27.03.2019","38.080","38.040","38.500","37.790","1.52M","-0.34%"
"26.03.2019","38.210","38.540","38.860","38.020","1.90M","-1.11%"
"25.03.2019","38.640","37.540","38.900","37.450","2.91M","3.09%"
"22.03.2019","37.480","38.160","38.540","36.960","1.74M","-2.40%"
"21.03.2019","38.400","37.500","38.600","37.410","2.19M","1.78%"
"20.03.2019","37.730","37.140","37.960","36.910","2.27M","1.84%"
"19.03.2019","37.050","36.900","37.300","36.850","1.57M","0.65%"
"15.03.2019","36.810","36.150","36.990","36.060","3.35M","1.32%"
"14.03.2019","36.330","36.320","36.480","35.930","1.24M","-0.11%"
"13.03.2019","36.370","35.960","36.670","35.210","1.62M","1.88%"
"12.03.2019","35.700","35.000","36.200","35.000","1.40M","2.65%"
"11.03.2019","34.780","36.290","36.690","34.120","4.04M","-3.28%"
"08.03.2019","35.960","37.640","37.640","35.550","9.01M","-4.72%"
"07.03.2019","37.740","37.500","37.900","37.120","1.65M","1.02%"
"06.03.2019","37.360","37.490","37.880","36.960","1.90M","-0.03%"
"05.03.2019","37.370","37.280","37.480","36.870","1.01M","-0.03%"
"04.03.2019","37.380","37.190","37.520","37.010","488.44K","0.24%"
"01.03.2019","37.290","37.370","37.970","37.000","965.98K","0.19%"
"28.02.2019","37.220","36.880","37.410","36.710","1.25M","0.62%"
"27.02.2019","36.990","37.030","37.570","36.810","1.94M","0.41%"
"26.02.2019","36.840","36.920","37.270","36.600","3.43M","-0.46%"
"25.02.2019","37.010","37.380","38.190","36.900","1.59M","-0.75%"
"22.02.2019","37.290","37.320","38.490","37.130","1.60M","0.19%"
"21.02.2019","37.220","37.460","37.460","36.760","1.76M","-0.37%"
"20.02.2019","37.360","37.040","37.850","37.040","2.98M","1.25%"
"19.02.2019","36.900","37.480","37.800","36.650","1.74M","-1.15%"
"18.02.2019","37.330","36.940","37.520","36.650","796.51K","1.33%"
"15.02.2019","36.840","37.360","37.460","36.670","1.90M","-1.15%"
"14.02.2019","37.270","37.010","37.950","37.000","1.57M","0.95%"
"13.02.2019","36.920","39.180","39.990","36.530","1.85M","-5.53%"
"12.02.2019","39.080","39.150","40.000","38.910","1.48M","0.05%"
"11.02.2019","39.060","39.090","39.580","38.810","1.34M","0.26%"
"08.02.2019","38.960","39.760","39.940","38.900","530.33K","-2.26%"
"07.02.2019","39.860","39.030","40.390","39.030","1.25M","1.92%"
"06.02.2019","39.110","40.090","40.500","38.940","3.06M","-2.10%"
"05.02.2019","39.950","39.750","40.990","39.730","4.24M","1.04%"
"01.02.2019","39.540","39.980","40.000","38.630","1.79M","-0.85%"
"31.01.2019","39.880","39.760","40.680","39.000","2.75M","0.78%"
"30.01.2019","39.570","39.900","40.060","38.820","1.28M","-2.08%"
"29.01.2019","40.410","40.020","40.500","39.090","913.21K","1.28%"
"28.01.2019","39.900","39.890","40.290","39.000","1.08M","0.28%"
"25.01.2019","39.790","40.310","41.440","39.400","2.28M","-1.04%"
"24.01.2019","40.210","39.950","40.580","39.650","1.10M","0.32%"
"23.01.2019","40.080","40.130","40.460","39.620","1.07M","-0.37%"
"22.01.2019","40.230","40.890","40.900","39.710","998.70K","-1.61%"
"21.01.2019","40.890","41.060","41.540","40.660","196.61K","-0.17%"
"18.01.2019","40.960","40.750","41.470","40.590","959.55K","1.09%"
"17.01.2019","40.520","40.660","40.950","40.300","1.51M","-0.37%"
"16.01.2019","40.670","41.380","41.790","40.530","1.25M","-1.95%"
"15.01.2019","41.480","40.750","41.500","40.750","750.46K","2.09%"
"14.01.2019","40.630","41.370","41.500","40.060","1.74M","-1.65%"
"11.01.2019","41.310","41.240","41.800","39.040","1.29M","0.17%"
"10.01.2019","41.240","40.730","41.500","39.460","1.53M","1.33%"
"09.01.2019","40.700","40.290","41.990","38.840","1.65M","1.67%"
"08.01.2019","40.030","39.330","40.290","39.330","3.35M","3.65%"
"07.01.2019","38.620","39.050","39.700","37.500","570.12K","-0.85%"
"04.01.2019","38.950","37.780","39.200","37.780","845.24K","3.84%"
"03.01.2019","37.510","38.280","38.280","37.010","929.90K","-2.09%"
"02.01.2019","38.310","38.260","38.560","37.230","981.91K","-0.16%"
"31.12.2018","38.370","38.490","38.500","37.820","538.00K","-0.08%"
"28.12.2018","38.400","37.950","38.500","37.870","492.28K","2.62%"
"27.12.2018","37.420","37.280","37.970","36.650","1.20M","0.05%"
"26.12.2018","37.400","37.630","38.000","36.570","2.04M","-0.11%"
"24.12.2018","37.440","37.390","37.760","36.510","1.27M","-0.13%"
"21.12.2018","37.490","36.810","38.710","36.390","5.62M","1.76%"
"20.12.2018","36.840","36.420","37.000","36.050","1.62M","1.54%"
"19.12.2018","36.280","36.600","36.990","35.510","1.47M","0.25%"
"18.12.2018","36.190","36.130","36.560","35.740","2.64M","0.67%"
"17.12.2018","35.950","36.870","37.310","35.550","920.52K","-2.23%"
"14.12.2018","36.770","37.020","37.240","35.670","1.26M","-0.41%"
"13.12.2018","36.920","37.110","37.240","36.110","3.23M","0.79%"
"11.12.2018","36.630","37.020","37.110","36.190","799.91K","-0.81%"
"10.12.2018","36.930","37.580","37.590","36.320","538.78K","-1.47%"
"07.12.2018","37.480","38.190","38.420","37.360","731.83K","-1.60%"
"06.12.2018","38.090","38.000","38.340","36.700","1.35M","0.29%"
"05.12.2018","37.980","37.000","38.000","37.000","754.46K","2.87%"
"04.12.2018","36.920","37.820","38.000","35.700","3.21M","-2.59%"
"03.12.2018","37.900","38.070","39.960","37.750","2.08M","-0.42%"
"30.11.2018","38.060","37.170","38.590","36.220","2.17M","1.36%"
"29.11.2018","37.550","36.910","38.590","36.010","2.26M","2.74%"
"28.11.2018","36.550","35.000","36.740","33.750","3.26M","5.03%"
"27.11.2018","34.800","34.600","35.830","34.400","2.58M","1.16%"
"26.11.2018","34.400","34.000","37.590","32.780","3.89M","-8.73%"
"23.11.2018","37.690","38.400","38.670","37.000","943.31K","-0.92%"
"22.11.2018","38.040","38.700","38.800","37.000","1.12M","-1.78%"
"21.11.2018","38.730","39.000","39.000","37.730","1.72M","0.89%"
"20.11.2018","38.390","38.670","39.190","38.010","2.89M","-1.59%"
"16.11.2018","39.010","38.860","39.490","37.540","2.95M","2.39%"
"15.11.2018","38.100","39.220","39.990","37.560","1.79M","-1.68%"
"14.11.2018","38.750","39.930","40.500","38.350","4.62M","-1.92%"
"13.11.2018","39.510","39.700","41.310","38.800","4.55M","-0.40%"
"12.11.2018","39.670","41.310","41.310","39.100","1.56M","-4.20%"
"09.11.2018","41.410","39.350","41.600","37.500","3.02M","5.99%"
"08.11.2018","39.070","41.850","41.850","38.680","3.94M","-6.98%"
"07.11.2018","42.000","41.810","42.500","40.450","2.90M","0.21%"
"06.11.2018","41.910","42.520","43.500","41.210","1.81M","-1.20%"
"05.11.2018","42.420","42.050","43.020","41.900","3.98M","1.02%"
"01.11.2018","41.990","39.670","43.000","39.670","5.96M","5.16%"
"31.10.2018","39.930","39.930","40.030","39.390","3.93M","0.00%"
"30.10.2018","39.930","42.160","42.160","39.100","2.95M","-5.31%"
"29.10.2018","42.170","45.150","45.350","41.370","3.45M","-6.81%"
"26.10.2018","45.250","45.600","45.600","45.080","1.24M","-1.03%"
"25.10.2018","45.720","45.830","46.000","45.500","714.34K","-0.09%"
"24.10.2018","45.760","46.170","46.530","45.500","1.50M","-0.76%"
"23.10.2018","46.110","46.570","47.200","45.690","3.01M","-1.81%"
"22.10.2018","46.960","47.000","47.100","46.480","2.09M","-0.11%"
"19.10.2018","47.010","46.990","47.180","46.360","2.53M","1.73%"
"18.10.2018","46.210","46.370","46.600","45.300","2.20M","-1.16%"
"17.10.2018","46.750","46.190","47.210","46.180","1.05M","0.99%"
"16.10.2018","46.290","47.040","47.200","45.550","509.97K","-1.47%"
"15.10.2018","46.980","46.290","47.300","46.290","788.37K","1.71%"
"12.10.2018","46.190","46.980","47.000","45.500","1.45M","-1.51%"
"11.10.2018","46.900","46.700","47.000","46.090","994.15K","0.60%"
"10.10.2018","46.620","46.450","47.090","45.600","2.31M","0.15%"
"09.10.2018","46.550","45.690","46.700","45.250","1.18M","1.59%"
"08.10.2018","45.820","45.630","45.990","45.330","1.23M","0.20%"
"05.10.2018","45.730","45.570","45.870","45.500","1.31M","0.11%"
"04.10.2018","45.680","46.370","46.880","45.220","1.04M","-1.72%"
"03.10.2018","46.480","46.900","46.900","46.010","1.12M","-0.58%"
"02.10.2018","46.750","46.930","47.000","45.820","1.77M","-0.60%"
"01.10.2018","47.030","46.280","47.280","46.210","1.99M","1.84%"
"28.09.2018","46.180","45.500","46.680","45.410","2.09M","1.23%"
"27.09.2018","45.620","46.250","46.700","45.500","1.60M","-1.30%"
"26.09.2018","46.220","46.200","46.550","45.750","2.82M","0.02%"
"25.09.2018","46.210","45.060","46.390","45.060","6.27M","2.42%"
"24.09.2018","45.120","45.530","45.860","44.240","4.34M","-0.73%"
"21.09.2018","45.450","46.120","46.600","44.010","19.70M","-1.45%"
"20.09.2018","46.120","46.030","46.360","46.000","1.35M","0.30%"
"19.09.2018","45.980","45.990","46.700","45.640","1.52M","-0.04%"
"18.09.2018","46.000","45.920","46.750","45.740","2.48M","0.37%"
"17.09.2018","45.830","46.320","46.490","45.630","1.47M","-0.84%"
"14.09.2018","46.220","45.810","46.390","45.750","2.04M","0.22%"
"13.09.2018","46.120","45.990","46.500","45.940","2.37M","0.59%"
"12.09.2018","45.850","45.150","45.980","45.010","2.68M","1.87%"
"11.09.2018","45.010","44.750","45.180","44.720","2.38M","0.27%"
"10.09.2018","44.890","44.370","45.100","44.360","1.78M","0.94%"
"07.09.2018","44.470","44.260","44.700","43.510","848.21K","0.14%"
"06.09.2018","44.410","44.020","44.980","44.010","533.23K","0.98%"
"05.09.2018","43.980","44.010","44.370","43.900","854.85K","-0.11%"
"04.09.2018","44.030","44.270","45.020","44.010","831.68K","-0.65%"
"03.09.2018","44.320","44.390","44.820","44.240","38.33K","-0.40%"
"31.08.2018","44.500","44.450","44.810","44.040","1.10M","-0.16%"
"30.08.2018","44.570","45.170","45.170","44.140","522.09K","-1.52%"
"29.08.2018","45.260","44.580","45.440","44.250","545.70K","1.43%"
"28.08.2018","44.620","45.430","45.590","44.550","696.32K","-1.57%"
"27.08.2018","45.330","44.670","45.650","44.670","2.33M","1.71%"
"24.08.2018","44.570","45.230","45.650","44.300","495.72K","-1.31%"
"23.08.2018","45.160","45.240","45.690","44.870","1.53M","-0.07%"
"22.08.2018","45.190","45.010","45.620","44.910","1.89M","0.40%"
"21.08.2018","45.010","44.410","45.420","44.350","904.57K","1.58%"
"20.08.2018","44.310","45.020","45.120","44.050","1.05M","-1.69%"
"17.08.2018","45.070","44.220","46.230","43.200","1.33M","1.90%"
"16.08.2018","44.230","45.100","45.260","43.590","550.63K","-1.91%"
"15.08.2018","45.090","45.420","45.870","44.930","444.78K","-0.62%"
"14.08.2018","45.370","45.590","45.840","44.970","1.38M","-0.26%"
"13.08.2018","45.490","45.030","45.630","44.960","300.17K","1.02%"
"10.08.2018","45.030","45.570","45.570","44.600","944.80K","-1.51%"
"09.08.2018","45.720","46.110","46.110","45.560","1.12M","-0.65%"
"08.08.2018","46.020","45.860","46.140","45.790","811.32K","0.04%"
"07.08.2018","46.000","45.310","46.370","45.210","1.83M","1.52%"
"06.08.2018","45.310","44.330","45.480","44.040","966.49K","1.98%"
"03.08.2018","44.430","44.010","44.710","43.890","3.21M","1.16%"
"02.08.2018","43.920","44.050","44.280","43.710","1.46M","-0.48%"
"01.08.2018","44.130","43.880","44.700","43.880","1.17M","0.23%"
"31.07.2018","44.030","43.670","44.290","42.600","2.78M","0.59%"
"30.07.2018","43.770","44.990","45.000","43.610","1.90M","-0.82%"
"27.07.2018","44.130","44.300","44.390","43.750","1.98M","-0.43%"
"26.07.2018","44.320","45.000","45.120","44.060","2.58M","-1.25%"
"25.07.2018","44.880","44.420","45.290","44.290","2.05M","1.13%"
"24.07.2018","44.380","44.430","44.690","44.000","899.44K","-0.14%"
"23.07.2018","44.440","44.900","44.900","44.340","573.51K","-1.24%"
"20.07.2018","45.000","44.930","45.380","44.670","1.68M","-0.29%"
"19.07.2018","45.130","44.520","45.200","44.520","1.07M","0.85%"
"18.07.2018","44.750","45.000","45.490","43.050","1.81M","-0.58%"
"17.07.2018","45.010","43.990","45.490","43.400","2.50M","2.79%"
"16.07.2018","43.790","43.410","43.990","43.400","816.97K","0.64%"
"13.07.2018","43.510","43.800","43.980","43.100","951.16K","-0.57%"
"12.07.2018","43.760","43.540","43.990","43.370","1.01M","0.69%"
"11.07.2018","43.460","43.760","43.820","43.200","2.62M","-0.62%"
"10.07.2018","43.730","43.620","43.980","42.860","1.43M","0.07%"
"09.07.2018","43.700","42.860","43.990","42.820","3.56M","2.20%"
"06.07.2018","42.760","42.090","43.000","42.090","1.87M","1.71%"
"05.07.2018","42.040","41.810","42.160","41.270","2.31M","1.25%"
"04.07.2018","41.520","41.990","41.990","41.380","84.25K","-0.53%"
"03.07.2018","41.740","40.810","41.990","40.810","6.82M","2.08%"
"02.07.2018","40.890","41.240","41.240","40.560","1.07M","-1.09%"
"29.06.2018","41.340","40.960","41.760","40.600","4.08M","1.17%"
"28.06.2018","40.860","39.820","40.990","39.630","2.90M","2.35%"
"27.06.2018","39.920","39.930","40.060","39.510","2.67M","0.20%"
"26.06.2018","39.840","39.960","40.280","39.490","2.17M","-0.52%"
"25.06.2018","40.050","39.690","40.360","39.110","7.17M","0.65%"
"22.06.2018","39.790","39.800","39.990","39.200","1.60M","0.79%"
"21.06.2018","39.480","39.670","39.780","39.120","1.22M","-0.53%"
"20.06.2018","39.690","39.470","39.940","38.880","2.05M","1.85%"
"19.06.2018","38.970","39.310","39.790","38.850","708.61K","-1.76%"
"18.06.2018","39.670","38.780","39.900","38.640","1.53M","2.56%"
"15.06.2018","38.680","39.900","40.010","38.210","11.02M","-3.44%"
"14.06.2018","40.060","39.780","40.100","39.690","1.75M","0.43%"
"13.06.2018","39.890","39.760","40.000","39.750","4.30M","-0.08%"
"12.06.2018","39.920","39.420","40.000","38.820","1.97M","1.27%"
"11.06.2018","39.420","39.600","39.600","38.500","1.54M","-0.43%"
"08.06.2018","39.590","39.240","39.870","39.140","1.25M","1.12%"
"07.06.2018","39.150","38.730","39.500","37.520","1.96M","0.82%"
"06.06.2018","38.830","38.560","39.000","38.130","1.61M","0.54%"
"05.06.2018","38.620","38.790","38.990","38.000","1.27M","-0.41%"
"04.06.2018","38.780","38.660","38.980","37.900","1.63M","0.34%"
"01.06.2018","38.650","37.800","39.000","37.800","1.65M","2.25%"
"31.05.2018","37.800","37.510","38.080","36.560","3.26M","0.53%"
"30.05.2018","37.600","37.230","37.970","37.230","2.48M","0.78%"
"29.05.2018","37.310","37.700","37.700","37.010","2.11M","-1.01%"
"28.05.2018","37.690","37.140","38.000","37.140","1.97M","1.40%"
"25.05.2018","37.170","37.410","37.610","36.460","1.26M","-0.99%"
"24.05.2018","37.540","37.740","37.830","37.120","1.24M","0.40%"
"23.05.2018","37.390","38.200","38.200","37.120","2.40M","-2.40%"
"22.05.2018","38.310","37.520","38.680","37.520","676.54K","2.38%"
"21.05.2018","37.420","38.900","38.900","37.380","1.27M","-2.53%"
"18.05.2018","38.390","37.760","38.510","37.200","2.76M","1.61%"
"17.05.2018","37.780","38.600","38.600","37.330","2.12M","-2.40%"
"16.05.2018","38.710","38.730","39.000","38.400","1.70M","0.18%"
"15.05.2018","38.640","38.730","38.730","38.400","2.29M","-0.16%"
"14.05.2018","38.700","38.000","38.940","37.510","1.30M","1.65%"
"11.05.2018","38.070","38.460","39.000","37.500","1.21M","-0.91%"
"10.05.2018","38.420","37.890","38.900","37.890","863.74K","1.32%"
"09.05.2018","37.920","38.410","38.590","37.500","2.21M","-1.43%"
"08.05.2018","38.470","39.390","39.640","38.340","2.43M","-2.14%"
"07.05.2018","39.310","39.420","39.990","39.000","965.18K","-0.41%"
"04.05.2018","39.470","39.410","39.970","38.910","1.08M","-0.10%"
"03.05.2018","39.510","39.810","39.900","38.560","3.96M","-0.50%"
"02.05.2018","39.710","40.090","40.240","39.470","7.55M","-0.45%"
"30.04.2018","39.890","40.110","40.440","39.650","1.89M","-0.25%"
"27.04.2018","39.990","40.230","40.390","39.880","2.79M","-0.84%"
"26.04.2018","40.330","39.800","40.500","39.800","5.59M","1.28%"
"25.04.2018","39.820","40.590","40.590","39.620","996.16K","-2.14%"
"24.04.2018","40.690","40.740","41.370","40.010","1.27M","0.12%"
"23.04.2018","40.640","41.680","41.680","40.000","1.62M","-2.73%"
"20.04.2018","41.780","39.460","41.990","39.460","902.51K","0.60%"
"19.04.2018","41.530","41.540","41.990","40.800","4.32M","-0.07%"
"18.04.2018","41.560","41.510","41.990","40.930","1.78M","0.36%"
"17.04.2018","41.410","40.770","41.790","40.700","1.68M","1.62%"
"16.04.2018","40.750","40.230","40.890","39.740","1.40M","1.54%"
"13.04.2018","40.130","40.100","40.250","39.600","544.10K","0.30%"
"12.04.2018","40.010","39.500","40.300","39.490","3.56M","1.55%"
"11.04.2018","39.400","39.620","40.190","39.000","794.50K","-0.30%"
"10.04.2018","39.520","39.930","40.250","39.340","7.20M","-0.78%"
"09.04.2018","39.830","39.700","40.020","39.210","1.44M","0.15%"
"06.04.2018","39.770","39.470","40.290","39.300","1.21M","1.02%"
"05.04.2018","39.370","39.250","39.650","39.040","3.06M","0.43%"
"04.04.2018","39.200","38.430","39.790","38.420","3.41M","1.77%"
"03.04.2018","38.520","38.420","39.400","38.300","8.36M","0.26%"
"02.04.2018","38.420","38.910","39.090","38.100","1.08M","-1.26%"
"28.03.2018","38.910","39.760","39.760","38.120","2.22M","-2.36%"
"27.03.2018","39.850","39.200","40.340","38.700","1.33M","1.68%"
"26.03.2018","39.190","39.400","39.400","38.310","2.08M","-0.78%"
"23.03.2018","39.500","39.500","39.980","38.630","1.77M","-0.43%"
"22.03.2018","39.670","39.310","39.720","39.280","1.20M","0.69%"
"21.03.2018","39.400","39.650","39.650","39.280","2.75M","-0.93%"
"20.03.2018","39.770","39.950","40.270","39.610","2.13M","-0.70%"
"16.03.2018","40.050","40.440","40.470","39.760","4.72M","-0.96%"
"15.03.2018","40.440","40.300","40.470","40.010","1.63M","0.25%"
"14.03.2018","40.340","40.510","40.970","40.150","1.34M","-0.40%"
"13.03.2018","40.500","40.790","41.200","40.350","1.73M","-0.76%"
"12.03.2018","40.810","40.890","41.500","40.670","1.08M","-0.17%"
"09.03.2018","40.880","40.800","41.870","40.260","2.91M","1.49%"
"08.03.2018","40.280","40.250","40.990","39.900","851.42K","0.37%"
"07.03.2018","40.130","40.170","40.610","39.500","915.04K","-0.30%"
"06.03.2018","40.250","40.790","40.990","39.680","572.92K","-1.57%"
"05.03.2018","40.890","40.870","41.290","40.410","1.69M","0.29%"
"02.03.2018","40.770","41.000","41.000","39.800","1.11M","-0.20%"
"01.03.2018","40.850","41.070","41.700","40.680","2.69M","-0.49%"
"28.02.2018","41.050","42.000","42.000","40.260","12.95M","-1.84%"
"27.02.2018","41.820","41.620","41.990","41.000","1.08M","0.72%"
"26.02.2018","41.520","41.110","41.630","40.950","3.83M","1.52%"
"23.02.2018","40.900","41.000","41.200","40.470","1.80M","-0.46%"
"22.02.2018","41.090","40.840","41.120","40.760","1.49M","0.86%"
"21.02.2018","40.740","41.080","41.250","40.000","1.69M","-0.59%"
"20.02.2018","40.980","40.690","41.170","40.650","2.94M","1.19%"
"19.02.2018","40.500","40.890","41.390","40.380","910.54K","-0.76%"
"16.02.2018","40.810","39.880","41.000","39.500","3.16M","2.59%"
"15.02.2018","39.780","39.000","41.650","38.000","5.18M","2.68%"
"14.02.2018","38.740","38.160","38.890","37.800","3.54M","1.79%"
"13.02.2018","38.060","38.220","38.700","37.700","4.03M","-0.16%"
"12.02.2018","38.120","38.110","38.720","37.860","622.36K","0.29%"
"09.02.2018","38.010","39.490","39.490","37.470","755.38K","-0.94%"
"08.02.2018","38.370","39.740","39.740","38.220","864.12K","-3.64%"
"07.02.2018","39.820","39.600","39.990","38.780","967.88K","1.25%"
"06.02.2018","39.330","39.410","39.590","38.110","2.40M","-1.43%"
"02.02.2018","39.900","39.520","40.170","39.430","2.91M","0.73%"
"01.02.2018","39.610","39.430","39.690","39.340","3.44M","0.71%"
"31.01.2018","39.330","39.000","39.990","38.910","3.07M","-1.03%"
"30.01.2018","39.740","38.250","41.030","38.010","2.16M","4.41%"
"29.01.2018","38.060","38.220","38.230","37.190","1.37M","-0.42%"
"26.01.2018","38.220","37.180","38.300","37.180","2.44M","2.69%"
"25.01.2018","37.220","37.800","37.800","37.180","3.08M","-1.12%"
"24.01.2018","37.640","36.980","37.770","36.700","4.93M","1.78%"
"23.01.2018","36.980","36.640","37.200","36.640","2.19M","1.20%"
"22.01.2018","36.540","37.200","37.200","36.400","1.38M","-1.46%"
"19.01.2018","37.080","37.300","37.490","36.880","1.36M","-0.19%"
"18.01.2018","37.150","36.500","37.350","36.160","1.05M","1.81%"
"17.01.2018","36.490","36.420","36.500","36.120","1.73M","0.16%"
"16.01.2018","36.430","36.520","36.690","35.900","897.10K","-0.25%"
"15.01.2018","36.520","36.390","36.700","36.360","370.45K","0.38%"
"12.01.2018","36.380","36.900","37.000","36.160","1.31M","-1.44%"
"11.01.2018","36.910","36.960","37.000","36.120","1.12M","0.03%"
"10.01.2018","36.900","37.200","37.200","36.400","967.85K","-1.15%"
"09.01.2018","37.330","36.220","37.490","36.040","1.38M","2.19%"
"08.01.2018","36.530","36.890","36.980","35.820","435.88K","-0.95%"
"05.01.2018","36.880","36.330","37.000","36.330","687.55K","1.51%"
"04.01.2018","36.330","37.000","37.000","35.500","525.19K","-0.30%"
"03.01.2018","36.440","37.000","37.000","36.200","760.64K","-1.30%"
"02.01.2018","36.920","35.930","37.000","35.500","969.25K","2.56%"